timestamp,left_stick_x,left_stick_y,right_stick_x,right_stick_y
56424.229511364,0,0,0,30
56424.28432469,0,0,0,30
56424.334411787,0,0,0,30
56424.384512926,0,0,0,30
56424.434617356,0,0,0,30
56424.484712745,0,0,0,30
56424.534815717,0,0,0,30
56424.584914439,0,0,0,30
56424.634995286,0,0,0,30
56424.685088883,0,0,0,30
56424.735191605,0,0,0,30
56424.785308618,0,0,0,30
56424.835579878,0,0,0,30
56424.88567485,0,0,0,30
56424.935774739,0,0,0,30
56424.985894919,0,0,0,30
56425.035995516,0,0,0,30
56425.086087821,0,0,0,30
56425.13617946,0,0,0,30
56425.186272974,0,0,0,30
56425.236366029,0,0,0,30
56425.28646096,0,0,0,30
56425.338085273,0,0,0,30
56425.38819387,0,0,0,21
56425.439230196,0,0,0,0
56425.489327918,0,0,0,0
56425.539429848,0,0,0,0
56425.589533862,0,0,0,0
56425.639621584,0,0,0,0
56425.689724348,0,0,0,0
56425.739815111,0,0,0,0
56425.78992275,0,0,0,0
56425.840020597,0,0,0,0
56425.890123361,0,0,0,0
56425.940260207,0,0,0,0
56425.990356304,0,0,0,0
56426.040452942,0,0,0,0
56426.090552914,0,0,0,0
56426.140856299,0,0,0,-12
56426.191190557,0,0,0,-30
56426.241341445,0,0,0,-30
56426.291538498,0,0,0,-30
56426.341612554,0,0,0,-30
56426.391700026,0,0,0,-30
56426.441779415,0,0,0,-30
56426.492037508,0,0,0,-30
56426.542117273,0,0,0,-30
56426.592187495,0,0,0,-30
56426.642420256,0,0,0,-30
56426.692911261,0,0,0,-30
56426.743032482,0,0,0,-30
56426.793142371,0,0,0,-30
56426.844027867,0,0,0,-30
56426.894126464,0,0,0,-30
56426.945041126,0,0,0,-30
56426.995145057,0,0,0,-30
56427.045243279,0,0,0,-30
56427.095356375,0,0,0,-30
56427.146039751,0,0,0,-30
56427.196146264,0,0,0,-21
56427.246246195,0,0,0,-3
56427.296344458,0,0,0,-3
56427.346661301,0,0,0,-3
56427.397042808,0,0,0,0
56427.447134697,0,0,0,0
56427.497231461,0,0,0,0
56427.547333933,0,0,0,0
56427.597434946,0,0,0,0
56427.647532293,0,0,0,-18
56427.697627557,0,0,3,-27
56427.747729737,0,0,3,-30
56427.797834334,0,0,3,-30
56427.848037345,0,0,0,-18
56427.898141401,0,0,0,-3
56427.948252206,0,0,0,0
56427.99931099,0,0,0,0
56428.049398212,0,0,0,0
56428.099502934,0,0,0,0
56428.149606114,0,0,0,0
56428.199891165,0,0,0,0
56428.249991346,0,0,0,0
56428.30008261,0,0,0,0
56428.350173498,0,0,0,0
56428.400265721,0,0,0,0
